M,Lambda,Eta,ValidationERMS,TestingERMS
8,0,0.01,0.777185275836,0.77237300547
8,0,0.1,0.738402628027,0.731276919193
8,0,1,0.658134316493,0.652365981902
8,0,0.004,0.802493410028,0.79736946183
8,0,0.4,0.688785042239,0.684925312819
8,0,0.5,0.714901247852,0.706979424413
