M,Lambda,ValidationERMS,TestingERMS
8,0,0.675700645817,0.669644173761
8,0.1,0.6775149954,0.679405684079
8,0.2,0.654190351383,0.65587698163
8,0.3,0.653191397671,0.643818697977
8,0.4,0.65352700793,0.653625249768
8,0.5,0.649741210456,0.645064249859
8,0.6,0.65230694436,0.647107805904
8,0.7,0.679000781907,0.667945368555
8,0.8,0.677027365755,0.675052242919
8,0.9,0.674341634843,0.670062492341
8,1.0,0.660984173825,0.649501042556
